id_etudiant,etablissement,programme,classe,annee_etude,tranche_age,note_moyenne,note_programmation,note_projet,note_innovation,taux_absences,nb_absences,nb_retards,participation_projets,participation_cours,participation_activites,nb_projets_termines,nb_projets_en_retard,nb_activites_participees,boursier,temps_etude_semaine,nb_heures_cours_semaine,taille_classe,nb_rdv_pedagogique,nb_demandes_aide,nb_rappel_discipline,nb_echec_evaluation,satisfaction_formation
EPI-BDX-00001,EPITECH Bordeaux,Programme Grande École,PGE-4A-G5,4,18-20,13.9,16.0,12.1,13.7,1.2,0,0,0.7,0.55,0.33,2,1,1,0,37,30,Grande (>35),1,0,0,1,0.74
EPI-BDX-00002,EPITECH Bordeaux,Programme Grande École,PGE-5A-G4,5,21-23,11.4,9.9,8.3,12.6,4.1,1,2,0.22,0.92,0.41,1,1,2,1,21,30,Moyenne (25-35),3,0,0,0,0.22
EPI-BDX-00003,EPITECH Bordeaux,Bachelor,BACH-1A-G4,1,24-26,16.9,18.1,17.5,18.2,5.0,0,1,0.73,0.58,0.12,1,0,0,0,23,25,Petite (<25),2,3,0,0,0.39
EPI-BDX-00004,EPITECH Bordeaux,Bachelor,BACH-2A-G2,2,21-23,7.7,6.6,9.3,6.5,10.2,1,0,0.62,0.78,0.26,3,1,2,0,35,20,Grande (>35),3,5,0,1,0.78
EPI-BDX-00005,EPITECH Bordeaux,Programme Grande École,PGE-5A-G1,5,18-20,8.5,8.5,11.2,7.4,2.2,0,0,0.65,0.58,0.53,5,1,1,0,25,25,Grande (>35),1,0,0,1,0.22
EPI-BDX-00006,EPITECH Bordeaux,Bachelor,BACH-2A-G2,2,18-20,13.5,14.3,14.6,19.3,6.2,1,0,0.79,0.36,0.19,3,0,0,0,51,30,Grande (>35),2,1,0,0,0.61
EPI-BDX-00007,EPITECH Bordeaux,Programme Grande École,PGE-4A-G1,4,21-23,15.1,15.7,18.4,13.1,10.0,0,0,0.42,0.96,0.17,0,1,0,1,25,30,Petite (<25),0,1,0,0,0.68
EPI-BDX-00008,EPITECH Bordeaux,Bachelor,BACH-1A-G5,1,21-23,13.5,15.1,12.2,12.2,7.6,0,1,0.24,0.69,0.46,1,1,0,0,31,25,Moyenne (25-35),2,2,0,0,0.68
EPI-BDX-00009,EPITECH Bordeaux,Programme Grande École,PGE-1A-G5,1,18-20,11.6,13.4,9.2,12.8,9.2,1,1,0.39,0.62,0.68,0,0,4,1,15,25,Moyenne (25-35),1,1,0,1,0.51
EPI-BDX-00010,EPITECH Bordeaux,MSc,MSc-2A-G1,2,18-20,12.0,12.7,12.1,13.4,8.2,1,1,0.43,0.22,0.32,1,1,1,0,41,35,Petite (<25),5,1,1,3,0.49
EPI-BDX-00011,EPITECH Bordeaux,Programme Grande École,PGE-1A-G1,1,27+,12.9,10.9,14.0,14.5,11.4,3,2,0.27,0.94,0.59,0,0,4,1,10,25,Petite (<25),3,1,1,1,0.82
EPI-BDX-00012,EPITECH Bordeaux,Programme Grande École,PGE-3A-G3,3,24-26,8.7,6.7,8.8,7.9,12.3,2,0,0.38,0.34,0.53,2,2,0,1,39,20,Moyenne (25-35),1,1,0,0,0.93
EPI-BDX-00013,EPITECH Bordeaux,Bachelor,BACH-3A-G5,3,21-23,9.4,9.1,7.6,7.3,14.6,0,0,0.78,0.59,0.5,3,1,1,0,37,25,Moyenne (25-35),1,0,0,0,0.23
EPI-BDX-00014,EPITECH Bordeaux,Programme Grande École,PGE-2A-G2,2,21-23,7.8,8.1,6.6,8.2,9.0,0,2,0.79,0.89,0.54,4,1,3,0,17,25,Petite (<25),1,1,0,1,0.51
EPI-BDX-00015,EPITECH Bordeaux,MSc,MSc-1A-G1,1,18-20,14.5,15.8,12.8,14.6,5.5,0,1,0.79,0.93,0.58,6,0,1,1,18,35,Moyenne (25-35),3,2,0,2,0.62
EPI-BDX-00016,EPITECH Bordeaux,MSc,MSc-2A-G3,2,21-23,7.9,10.2,7.6,7.3,6.5,0,0,0.31,0.32,0.61,0,0,3,1,18,25,Grande (>35),1,0,0,0,0.94
EPI-BDX-00017,EPITECH Bordeaux,Programme Grande École,PGE-4A-G6,4,21-23,11.5,10.9,8.7,10.3,1.5,0,0,0.87,0.63,0.14,4,0,0,0,33,25,Grande (>35),2,2,0,2,0.22
EPI-BDX-00018,EPITECH Bordeaux,MSc,MSc-1A-G3,1,24-26,6.5,6.0,9.2,9.7,8.7,1,0,0.88,0.65,0.84,3,0,0,0,17,30,Petite (<25),2,1,0,2,0.29
EPI-BDX-00019,EPITECH Bordeaux,Programme Grande École,PGE-3A-G4,3,18-20,13.2,13.6,12.2,16.7,4.4,1,0,0.7,0.57,0.33,3,2,1,0,10,20,Moyenne (25-35),1,3,0,0,0.26
EPI-BDX-00020,EPITECH Bordeaux,Programme Grande École,PGE-1A-G3,1,21-23,13.0,14.9,11.2,12.7,6.4,2,0,0.63,0.78,0.69,5,3,0,0,19,35,Moyenne (25-35),2,2,0,0,0.77
EPI-BDX-00021,EPITECH Bordeaux,MSc,MSc-1A-G3,1,21-23,11.6,12.5,11.3,10.8,7.2,1,0,0.65,0.76,0.1,1,2,0,0,28,25,Petite (<25),1,2,0,2,0.72
EPI-BDX-00022,EPITECH Bordeaux,MSc,MSc-2A-G1,2,24-26,14.2,15.3,15.2,15.5,6.9,2,1,0.86,0.63,0.25,2,0,1,1,42,35,Petite (<25),2,1,0,4,0.79
EPI-BDX-00023,EPITECH Bordeaux,Bachelor,BACH-2A-G2,2,18-20,14.9,14.2,17.1,14.0,9.7,0,2,0.32,0.94,0.4,0,2,2,0,36,20,Petite (<25),0,0,0,0,0.72
EPI-BDX-00024,EPITECH Bordeaux,Programme Grande École,PGE-1A-G7,1,18-20,11.2,10.2,14.8,11.2,4.3,0,0,0.72,0.5,0.2,5,0,0,0,30,25,Petite (<25),0,1,0,0,0.72
EPI-BDX-00025,EPITECH Bordeaux,Bachelor,BACH-1A-G3,1,24-26,17.1,19.2,14.0,18.4,9.9,2,1,0.85,0.22,0.47,6,0,0,1,41,30,Moyenne (25-35),3,1,0,1,0.33
EPI-BDX-00026,EPITECH Bordeaux,Programme Grande École,PGE-1A-G3,1,21-23,16.9,19.0,18.5,17.5,5.2,0,1,0.54,0.62,0.38,2,0,0,0,27,25,Grande (>35),1,2,1,1,0.53
EPI-BDX-00027,EPITECH Bordeaux,Programme Grande École,PGE-2A-G6,2,18-20,14.2,14.3,15.6,14.1,13.4,2,3,0.05,0.77,0.63,0,2,4,0,31,30,Petite (<25),3,2,0,2,0.51
EPI-BDX-00028,EPITECH Bordeaux,Programme Grande École,PGE-5A-G6,5,21-23,11.7,12.9,11.0,9.5,2.3,0,0,0.21,0.83,0.63,0,1,2,1,18,30,Moyenne (25-35),3,3,0,2,0.39
EPI-BDX-00029,EPITECH Bordeaux,Bachelor,BACH-2A-G5,2,21-23,9.0,10.4,7.1,8.7,11.6,1,1,0.51,0.62,0.06,0,2,0,0,22,30,Moyenne (25-35),1,2,0,0,0.63
EPI-BDX-00030,EPITECH Bordeaux,Bachelor,BACH-3A-G2,3,18-20,13.7,11.8,15.2,12.9,5.8,0,0,0.28,0.58,0.16,2,2,0,0,32,30,Petite (<25),1,0,1,1,0.25
EPI-BDX-00031,EPITECH Bordeaux,Programme Grande École,PGE-4A-G6,4,21-23,7.1,6.0,9.6,8.7,10.4,4,1,0.34,0.91,0.42,1,1,3,1,54,20,Grande (>35),5,0,1,1,0.48
EPI-BDX-00032,EPITECH Bordeaux,MSc,MSc-2A-G1,2,21-23,11.5,12.8,9.9,12.0,21.6,2,4,0.66,0.48,0.17,2,0,1,0,22,20,Moyenne (25-35),4,1,0,0,0.58
EPI-BDX-00033,EPITECH Bordeaux,Programme Grande École,PGE-5A-G6,5,18-20,9.0,8.2,9.8,6.8,10.1,2,1,0.64,0.81,0.5,6,1,0,0,37,20,Moyenne (25-35),2,0,1,0,0.52
EPI-BDX-00034,EPITECH Bordeaux,Programme Grande École,PGE-2A-G3,2,27+,8.8,6.1,11.3,9.1,7.9,2,2,0.66,0.8,0.16,3,0,0,0,38,25,Petite (<25),3,0,0,1,0.24
EPI-BDX-00035,EPITECH Bordeaux,MSc,MSc-2A-G3,2,21-23,15.0,16.7,15.4,13.0,9.9,3,1,0.93,0.75,0.59,4,0,2,0,22,35,Moyenne (25-35),1,3,0,0,0.6
EPI-BDX-00036,EPITECH Bordeaux,Bachelor,BACH-1A-G5,1,18-20,13.0,12.4,12.2,10.8,0.8,0,0,0.27,0.38,0.52,0,1,0,1,43,25,Moyenne (25-35),0,3,0,2,0.85
EPI-BDX-00037,EPITECH Bordeaux,MSc,MSc-2A-G2,2,18-20,8.8,7.0,7.7,9.9,5.2,0,1,0.59,0.91,0.33,4,3,1,0,20,25,Petite (<25),0,1,0,2,0.1
EPI-BDX-00038,EPITECH Bordeaux,MSc,MSc-1A-G2,1,24-26,14.6,16.5,15.4,14.6,10.3,3,0,0.27,0.42,0.22,2,1,0,0,28,30,Petite (<25),1,3,1,0,0.73
EPI-BDX-00039,EPITECH Bordeaux,Bachelor,BACH-1A-G4,1,24-26,15.2,14.8,12.1,16.5,8.8,1,2,0.46,0.64,0.61,4,0,2,0,25,30,Petite (<25),6,1,0,0,0.42
EPI-BDX-00040,EPITECH Bordeaux,Bachelor,BACH-1A-G2,1,18-20,12.9,12.8,10.4,11.4,6.0,2,0,0.27,0.62,0.43,0,2,0,1,27,30,Petite (<25),1,3,0,0,0.47
EPI-BDX-00041,EPITECH Bordeaux,Programme Grande École,PGE-5A-G6,5,18-20,14.7,13.3,14.1,16.7,5.3,1,2,0.4,0.96,0.37,3,0,0,1,21,30,Moyenne (25-35),3,2,0,0,0.82
EPI-BDX-00042,EPITECH Bordeaux,Programme Grande École,PGE-2A-G1,2,24-26,14.9,15.7,15.3,16.4,0.2,0,0,0.43,0.34,0.51,2,1,1,0,28,25,Grande (>35),2,1,0,0,0.87
EPI-BDX-00043,EPITECH Bordeaux,Programme Grande École,PGE-4A-G2,4,21-23,8.1,7.7,7.1,8.0,11.5,3,1,0.73,0.63,0.72,5,2,0,0,39,25,Moyenne (25-35),3,3,1,3,0.69
EPI-BDX-00044,EPITECH Bordeaux,Bachelor,BACH-3A-G1,3,21-23,11.5,10.7,11.7,11.8,2.2,0,0,0.88,0.64,0.76,8,0,3,0,25,25,Moyenne (25-35),2,3,0,0,0.54
EPI-BDX-00045,EPITECH Bordeaux,Programme Grande École,PGE-4A-G3,4,18-20,7.1,6.6,6.9,7.4,5.6,0,1,0.58,0.58,0.83,5,0,5,0,17,25,Petite (<25),2,5,2,0,0.64
EPI-BDX-00046,EPITECH Bordeaux,MSc,MSc-2A-G1,2,24-26,12.0,9.1,11.8,16.9,1.2,0,0,0.9,0.46,0.12,5,0,0,1,37,25,Moyenne (25-35),3,3,2,2,0.93
EPI-BDX-00047,EPITECH Bordeaux,Programme Grande École,PGE-5A-G2,5,18-20,7.6,5.1,7.2,6.8,7.3,2,0,0.78,0.82,0.26,2,0,2,0,21,30,Moyenne (25-35),3,1,0,0,0.58
EPI-BDX-00048,EPITECH Bordeaux,Bachelor,BACH-1A-G2,1,21-23,13.5,14.4,15.1,12.5,1.4,0,1,0.43,0.61,0.62,2,2,4,0,33,30,Petite (<25),1,2,0,1,0.56
EPI-BDX-00049,EPITECH Bordeaux,Programme Grande École,PGE-1A-G7,1,24-26,15.7,15.2,14.9,16.4,2.6,0,0,0.58,0.56,0.6,4,1,1,0,27,25,Moyenne (25-35),1,3,1,0,0.09
EPI-BDX-00050,EPITECH Bordeaux,Bachelor,BACH-3A-G4,3,18-20,14.7,14.3,12.1,12.8,1.9,0,0,0.34,0.66,0.6,2,0,2,0,29,30,Moyenne (25-35),2,4,2,1,0.72
EPI-BDX-00051,EPITECH Bordeaux,Programme Grande École,PGE-4A-G2,4,18-20,9.2,9.0,9.3,10.1,11.5,1,1,0.54,0.26,0.53,1,4,7,0,20,30,Moyenne (25-35),1,2,0,0,0.62
EPI-BDX-00052,EPITECH Bordeaux,Programme Grande École,PGE-1A-G2,1,21-23,11.4,10.5,12.9,10.5,2.0,0,0,0.93,0.47,0.18,8,0,0,1,47,20,Moyenne (25-35),6,0,0,0,0.69
EPI-BDX-00053,EPITECH Bordeaux,Programme Grande École,PGE-5A-G3,5,21-23,16.3,15.7,15.3,17.7,8.6,2,0,0.82,0.33,0.31,1,2,0,0,20,35,Grande (>35),4,0,0,1,0.76
EPI-BDX-00054,EPITECH Bordeaux,Programme Grande École,PGE-1A-G4,1,24-26,9.2,9.7,12.1,9.7,3.0,0,0,0.39,0.38,0.11,0,0,0,0,37,20,Moyenne (25-35),0,3,0,0,0.3
EPI-BDX-00055,EPITECH Bordeaux,Programme Grande École,PGE-2A-G8,2,24-26,12.0,12.8,11.0,8.8,14.3,2,2,0.43,0.65,0.18,1,1,0,0,23,35,Moyenne (25-35),2,2,0,0,0.66
EPI-BDX-00056,EPITECH Bordeaux,Programme Grande École,PGE-1A-G6,1,21-23,12.1,12.7,12.8,10.2,11.3,2,1,0.83,0.73,0.04,3,0,0,0,28,30,Petite (<25),1,2,0,1,0.75
EPI-BDX-00057,EPITECH Bordeaux,Bachelor,BACH-3A-G4,3,18-20,17.1,15.8,16.8,17.6,8.4,0,1,0.22,0.6,0.11,0,2,0,0,26,35,Grande (>35),4,3,0,0,0.71
EPI-BDX-00058,EPITECH Bordeaux,Programme Grande École,PGE-5A-G5,5,21-23,11.8,14.0,9.1,12.8,2.4,1,1,0.56,0.31,0.37,0,2,4,0,19,25,Moyenne (25-35),1,2,0,2,0.5
EPI-BDX-00059,EPITECH Bordeaux,Programme Grande École,PGE-5A-G3,5,18-20,13.5,15.7,13.7,13.0,10.2,1,1,0.36,0.44,0.61,2,1,1,0,32,25,Moyenne (25-35),4,3,0,2,0.74
EPI-BDX-00060,EPITECH Bordeaux,MSc,MSc-1A-G2,1,21-23,13.9,13.2,16.1,14.9,9.6,1,3,0.33,0.76,0.41,0,1,0,0,29,20,Moyenne (25-35),4,2,0,1,0.68
EPI-BDX-00061,EPITECH Bordeaux,Programme Grande École,PGE-2A-G3,2,21-23,11.7,12.7,9.4,11.4,6.0,1,1,0.91,0.49,0.45,5,1,1,0,17,25,Petite (<25),3,0,1,1,0.24
EPI-BDX-00062,EPITECH Bordeaux,MSc,MSc-2A-G3,2,18-20,16.9,17.1,13.4,16.5,9.2,3,2,0.86,0.46,0.86,8,0,4,0,19,20,Moyenne (25-35),0,2,0,0,0.72
EPI-BDX-00063,EPITECH Bordeaux,Bachelor,BACH-1A-G3,1,24-26,10.2,8.0,7.4,12.5,12.6,3,1,0.5,0.46,0.51,0,2,0,0,10,30,Grande (>35),6,1,1,0,0.3
EPI-BDX-00064,EPITECH Bordeaux,Bachelor,BACH-3A-G1,3,18-20,13.0,14.0,11.4,14.4,3.9,1,0,0.66,0.54,0.35,2,0,1,0,34,25,Petite (<25),1,1,1,0,0.78
EPI-BDX-00065,EPITECH Bordeaux,Programme Grande École,PGE-2A-G3,2,21-23,10.9,11.4,11.3,15.0,10.9,0,1,0.92,0.34,0.6,9,0,2,0,49,25,Moyenne (25-35),1,2,0,1,0.86
EPI-BDX-00066,EPITECH Bordeaux,MSc,MSc-2A-G3,2,18-20,10.5,12.3,9.5,9.4,5.0,1,0,0.81,0.67,0.69,6,0,1,0,10,25,Grande (>35),3,0,1,0,0.75
EPI-BDX-00067,EPITECH Bordeaux,Programme Grande École,PGE-4A-G6,4,21-23,16.1,15.8,13.0,15.6,10.0,2,1,0.37,0.42,0.36,2,0,1,1,18,30,Grande (>35),3,1,0,0,0.62
EPI-BDX-00068,EPITECH Bordeaux,Programme Grande École,PGE-4A-G4,4,18-20,16.9,18.4,16.0,17.9,8.7,1,0,0.46,0.85,0.51,4,0,0,0,18,25,Moyenne (25-35),1,2,0,0,0.28
EPI-BDX-00069,EPITECH Bordeaux,Bachelor,BACH-1A-G1,1,18-20,9.3,9.5,9.4,10.9,2.2,0,0,0.55,0.6,0.26,1,0,1,0,43,20,Moyenne (25-35),1,0,0,2,0.54
EPI-BDX-00070,EPITECH Bordeaux,Programme Grande École,PGE-5A-G3,5,18-20,16.0,15.2,13.8,15.0,8.5,0,0,0.6,0.71,0.41,2,2,0,0,32,35,Moyenne (25-35),0,1,0,0,0.39
EPI-BDX-00071,EPITECH Bordeaux,Programme Grande École,PGE-4A-G8,4,24-26,13.8,17.3,17.7,12.4,4.9,0,0,0.72,0.84,0.37,4,0,1,1,10,25,Petite (<25),3,1,1,1,0.56
EPI-BDX-00072,EPITECH Bordeaux,Programme Grande École,PGE-3A-G3,3,18-20,15.6,16.5,15.4,16.5,3.0,0,0,0.43,0.63,0.26,2,1,1,0,34,35,Moyenne (25-35),0,0,0,1,0.63
EPI-BDX-00073,EPITECH Bordeaux,Programme Grande École,PGE-2A-G4,2,18-20,11.8,11.6,11.8,11.8,5.1,0,0,0.75,0.5,0.17,1,0,1,0,17,30,Moyenne (25-35),1,2,0,1,0.28
EPI-BDX-00074,EPITECH Bordeaux,Programme Grande École,PGE-5A-G2,5,18-20,8.5,9.7,6.5,7.4,2.5,0,1,0.79,0.71,0.07,3,3,0,1,39,25,Moyenne (25-35),0,1,1,0,0.58
EPI-BDX-00075,EPITECH Bordeaux,MSc,MSc-1A-G3,1,27+,10.8,11.9,10.7,12.6,1.8,0,0,0.76,0.64,0.61,1,2,1,0,42,25,Moyenne (25-35),1,2,0,1,0.61
EPI-BDX-00076,EPITECH Bordeaux,Bachelor,BACH-2A-G2,2,18-20,9.4,8.3,11.7,11.5,5.6,1,0,0.44,0.26,0.56,1,0,1,0,44,25,Petite (<25),0,1,2,1,0.34
EPI-BDX-00077,EPITECH Bordeaux,Programme Grande École,PGE-3A-G1,3,21-23,13.3,13.7,15.4,11.8,14.3,2,1,0.48,0.94,0.33,2,0,2,0,42,25,Grande (>35),2,2,0,3,0.55
EPI-BDX-00078,EPITECH Bordeaux,Programme Grande École,PGE-5A-G5,5,18-20,11.4,11.1,12.9,12.9,14.9,3,0,0.66,0.8,0.2,2,2,1,1,31,35,Petite (<25),3,1,0,0,0.6
EPI-BDX-00079,EPITECH Bordeaux,Bachelor,BACH-2A-G4,2,18-20,9.8,9.3,8.8,10.2,2.0,1,1,0.94,0.46,0.85,5,0,2,1,33,30,Moyenne (25-35),1,1,0,0,0.6
EPI-BDX-00080,EPITECH Bordeaux,Programme Grande École,PGE-5A-G6,5,18-20,12.7,11.8,12.6,13.3,5.7,2,0,0.52,0.67,0.65,3,0,1,0,21,20,Moyenne (25-35),2,1,0,1,0.5
EPI-BDX-00081,EPITECH Bordeaux,MSc,MSc-1A-G1,1,24-26,14.8,15.6,14.9,16.2,1.3,0,2,0.54,0.89,0.69,2,1,1,1,35,20,Moyenne (25-35),1,1,0,1,0.68
EPI-BDX-00082,EPITECH Bordeaux,Bachelor,BACH-2A-G2,2,18-20,9.7,9.8,9.8,9.0,2.8,0,0,0.69,0.82,0.72,3,0,2,0,18,25,Petite (<25),3,1,0,0,0.84
EPI-BDX-00083,EPITECH Bordeaux,Bachelor,BACH-2A-G5,2,21-23,11.5,9.9,12.7,11.1,8.1,2,0,0.57,0.67,0.2,1,1,1,1,19,25,Petite (<25),2,2,1,0,0.55
EPI-BDX-00084,EPITECH Bordeaux,Programme Grande École,PGE-2A-G1,2,21-23,13.2,14.7,12.6,11.5,2.4,0,0,0.42,0.76,0.14,2,0,1,1,24,20,Moyenne (25-35),2,0,0,1,0.58
EPI-BDX-00085,EPITECH Bordeaux,Programme Grande École,PGE-5A-G3,5,21-23,16.4,17.5,15.4,14.2,4.8,0,2,0.61,0.61,0.38,1,0,2,0,31,20,Moyenne (25-35),2,2,0,1,0.73
EPI-BDX-00086,EPITECH Bordeaux,Programme Grande École,PGE-1A-G3,1,18-20,10.7,10.8,10.4,12.5,5.6,0,1,0.36,0.7,0.31,1,3,0,1,44,25,Moyenne (25-35),1,0,0,0,0.67
EPI-BDX-00087,EPITECH Bordeaux,Programme Grande École,PGE-4A-G5,4,18-20,11.8,10.4,11.5,10.9,6.9,3,0,0.43,0.81,0.67,2,0,5,1,58,25,Petite (<25),0,2,1,1,0.62
EPI-BDX-00088,EPITECH Bordeaux,Programme Grande École,PGE-5A-G5,5,21-23,13.1,13.3,14.5,14.8,8.0,0,1,0.62,0.35,0.47,3,1,4,1,39,35,Moyenne (25-35),1,0,0,0,0.41
EPI-BDX-00089,EPITECH Bordeaux,Programme Grande École,PGE-4A-G4,4,24-26,12.0,11.0,10.2,10.7,3.5,0,0,0.52,0.78,0.42,2,0,2,1,32,20,Petite (<25),5,1,1,0,0.19
EPI-BDX-00090,EPITECH Bordeaux,Programme Grande École,PGE-2A-G4,2,21-23,9.0,11.2,8.1,9.8,12.3,2,0,0.25,0.7,0.42,0,1,1,1,36,25,Grande (>35),2,0,0,2,0.72
EPI-BDX-00091,EPITECH Bordeaux,MSc,MSc-1A-G1,1,18-20,8.6,6.3,8.6,11.5,4.2,1,0,0.49,0.53,0.55,5,0,2,0,54,25,Moyenne (25-35),0,1,0,1,0.12
EPI-BDX-00092,EPITECH Bordeaux,Bachelor,BACH-3A-G4,3,21-23,11.7,11.2,13.6,12.4,2.5,0,0,0.55,0.82,0.59,1,0,0,1,26,25,Petite (<25),3,0,0,0,0.56
EPI-BDX-00093,EPITECH Bordeaux,MSc,MSc-2A-G3,2,21-23,7.4,9.3,7.6,7.6,7.6,3,0,0.77,0.8,0.22,1,0,0,1,22,30,Grande (>35),1,2,1,0,0.63
EPI-BDX-00094,EPITECH Bordeaux,Bachelor,BACH-2A-G1,2,21-23,19.2,19.7,19.0,16.8,4.1,0,0,0.78,0.71,0.3,1,0,1,0,27,20,Moyenne (25-35),5,2,0,0,0.69
EPI-BDX-00095,EPITECH Bordeaux,MSc,MSc-2A-G2,2,18-20,9.5,9.3,8.7,9.7,1.6,0,0,0.72,0.74,0.46,4,1,1,1,15,35,Grande (>35),1,2,1,0,0.52
EPI-BDX-00096,EPITECH Bordeaux,Programme Grande École,PGE-5A-G1,5,18-20,15.1,15.2,17.4,14.5,1.7,0,0,0.79,0.35,0.7,5,1,2,0,27,20,Moyenne (25-35),1,2,0,0,0.45
EPI-BDX-00097,EPITECH Bordeaux,Programme Grande École,PGE-3A-G8,3,18-20,17.9,18.0,20.0,16.7,11.0,2,1,0.63,0.86,0.06,3,2,0,1,45,35,Petite (<25),0,0,0,0,0.81
EPI-BDX-00098,EPITECH Bordeaux,Programme Grande École,PGE-2A-G2,2,21-23,12.8,12.1,11.1,12.0,4.2,0,0,0.62,0.87,0.62,5,2,2,0,31,20,Moyenne (25-35),5,2,0,2,0.56
EPI-BDX-00099,EPITECH Bordeaux,Bachelor,BACH-1A-G1,1,24-26,10.4,10.0,9.4,10.0,3.1,0,1,0.95,0.86,0.38,4,0,2,0,26,25,Moyenne (25-35),0,2,0,0,0.62
EPI-BDX-00100,EPITECH Bordeaux,Programme Grande École,PGE-3A-G4,3,18-20,15.3,15.9,14.1,15.4,7.4,1,1,0.66,0.72,0.57,4,0,0,1,21,25,Moyenne (25-35),1,1,0,0,0.86
EPI-BDX-00101,EPITECH Bordeaux,Programme Grande École,PGE-2A-G5,2,24-26,10.8,12.3,8.5,12.5,8.0,0,2,0.37,0.43,0.82,2,3,2,0,10,20,Moyenne (25-35),1,1,1,1,0.53
EPI-BDX-00102,EPITECH Bordeaux,Bachelor,BACH-3A-G3,3,21-23,14.6,13.5,16.4,13.7,15.8,2,0,0.21,0.67,0.44,0,2,3,0,28,25,Grande (>35),2,2,0,1,0.53
EPI-BDX-00103,EPITECH Bordeaux,Bachelor,BACH-3A-G2,3,27+,12.1,13.4,11.9,11.5,6.6,0,0,0.54,0.26,0.13,0,1,0,0,40,30,Moyenne (25-35),1,2,0,2,0.6
EPI-BDX-00104,EPITECH Bordeaux,Programme Grande École,PGE-4A-G7,4,21-23,7.8,11.5,9.4,9.4,10.3,2,1,0.67,0.96,0.28,7,1,2,0,23,35,Petite (<25),0,1,0,0,0.59
EPI-BDX-00105,EPITECH Bordeaux,Programme Grande École,PGE-2A-G2,2,24-26,14.6,14.6,15.4,13.2,5.3,1,0,0.66,0.66,0.51,4,1,0,0,28,30,Petite (<25),0,1,0,1,0.56
EPI-BDX-00106,EPITECH Bordeaux,Bachelor,BACH-2A-G2,2,18-20,15.2,14.8,12.7,13.5,9.6,2,0,0.72,0.38,0.19,4,1,1,0,19,25,Petite (<25),4,0,1,0,0.69
EPI-BDX-00107,EPITECH Bordeaux,Bachelor,BACH-1A-G4,1,24-26,16.4,16.4,15.2,15.9,11.4,2,1,0.6,0.48,0.36,7,0,3,1,18,20,Petite (<25),0,1,0,3,0.9
EPI-BDX-00108,EPITECH Bordeaux,Bachelor,BACH-2A-G3,2,21-23,15.4,15.7,16.5,17.0,0.2,0,0,0.88,0.68,0.36,3,0,1,0,35,30,Grande (>35),0,3,0,1,0.67
EPI-BDX-00109,EPITECH Bordeaux,MSc,MSc-1A-G2,1,24-26,9.0,8.8,8.5,8.9,11.3,0,0,0.93,0.79,0.68,6,0,2,0,27,20,Moyenne (25-35),1,4,0,0,0.57
EPI-BDX-00110,EPITECH Bordeaux,Bachelor,BACH-3A-G1,3,21-23,13.3,13.2,16.4,14.0,7.7,1,0,0.38,0.62,0.4,1,0,1,1,26,25,Moyenne (25-35),1,1,0,0,0.5
EPI-BDX-00111,EPITECH Bordeaux,Bachelor,BACH-3A-G3,3,18-20,13.4,12.0,14.6,14.0,13.3,1,3,0.48,0.85,0.3,3,0,0,0,32,20,Petite (<25),2,3,0,3,0.81
EPI-BDX-00112,EPITECH Bordeaux,Bachelor,BACH-1A-G2,1,18-20,11.5,11.1,10.7,11.3,13.8,1,1,0.57,0.78,0.63,3,1,2,1,34,20,Petite (<25),1,0,0,2,0.73
EPI-BDX-00113,EPITECH Bordeaux,Bachelor,BACH-1A-G3,1,18-20,11.2,9.9,11.4,11.4,10.4,1,1,0.92,0.84,0.68,6,0,4,1,15,25,Moyenne (25-35),2,1,0,0,0.91
EPI-BDX-00114,EPITECH Bordeaux,Programme Grande École,PGE-2A-G6,2,18-20,14.4,15.2,15.6,13.2,3.6,2,0,0.87,0.91,0.3,4,0,0,0,36,20,Moyenne (25-35),1,1,0,0,0.41
EPI-BDX-00115,EPITECH Bordeaux,MSc,MSc-1A-G3,1,21-23,14.0,13.9,13.1,12.5,2.4,0,0,0.13,0.71,0.48,0,0,4,0,39,20,Grande (>35),4,4,0,0,0.58
EPI-BDX-00116,EPITECH Bordeaux,Programme Grande École,PGE-5A-G8,5,18-20,16.0,16.2,14.1,15.7,3.2,0,0,0.4,0.6,0.73,2,1,1,1,24,30,Moyenne (25-35),0,1,0,1,0.24
EPI-BDX-00117,EPITECH Bordeaux,Programme Grande École,PGE-4A-G2,4,18-20,11.8,10.3,12.5,12.2,3.6,2,0,0.77,0.77,0.13,7,0,0,1,36,20,Petite (<25),1,3,0,1,0.5
EPI-BDX-00118,EPITECH Bordeaux,Programme Grande École,PGE-2A-G4,2,18-20,10.4,7.3,10.4,12.1,6.4,0,1,0.53,0.61,0.8,3,1,3,1,27,30,Moyenne (25-35),3,0,0,0,0.27
EPI-BDX-00119,EPITECH Bordeaux,Bachelor,BACH-3A-G1,3,21-23,7.4,6.5,6.3,7.6,15.5,3,4,0.55,0.76,0.44,3,2,1,1,24,20,Moyenne (25-35),1,2,2,1,0.39
EPI-BDX-00120,EPITECH Bordeaux,Bachelor,BACH-3A-G3,3,24-26,12.6,12.1,12.9,13.4,13.3,2,0,0.73,0.54,0.43,1,1,2,0,27,30,Grande (>35),1,0,0,0,0.24
EPI-BDX-00121,EPITECH Bordeaux,Bachelor,BACH-1A-G4,1,18-20,13.9,13.4,17.3,16.1,15.6,0,1,0.4,0.66,0.12,3,2,0,0,35,30,Moyenne (25-35),2,3,0,2,0.44
EPI-BDX-00122,EPITECH Bordeaux,Programme Grande École,PGE-4A-G3,4,24-26,8.1,8.5,7.0,7.3,3.4,0,0,0.58,0.42,0.18,3,1,0,1,26,25,Moyenne (25-35),4,2,0,0,0.83
EPI-BDX-00123,EPITECH Bordeaux,Bachelor,BACH-1A-G1,1,24-26,15.8,15.1,14.9,15.5,4.8,2,1,0.34,0.69,0.14,2,0,0,0,28,30,Moyenne (25-35),2,0,1,0,0.37
EPI-BDX-00124,EPITECH Bordeaux,Programme Grande École,PGE-1A-G4,1,21-23,7.8,5.6,7.2,8.5,1.6,1,0,0.3,0.56,0.23,0,0,2,1,39,30,Grande (>35),4,2,0,1,0.51
EPI-BDX-00125,EPITECH Bordeaux,Bachelor,BACH-1A-G4,1,18-20,11.0,12.1,8.9,11.6,1.9,1,0,0.63,0.67,0.43,3,0,2,0,15,25,Moyenne (25-35),0,0,2,0,0.37
EPI-BDX-00126,EPITECH Bordeaux,Bachelor,BACH-3A-G1,3,24-26,10.0,11.2,10.1,9.0,10.8,2,0,0.26,0.4,0.21,2,2,0,0,32,25,Petite (<25),2,0,0,0,0.39
EPI-BDX-00127,EPITECH Bordeaux,Programme Grande École,PGE-5A-G6,5,18-20,11.0,9.8,12.7,9.9,7.4,0,0,0.47,0.44,0.1,4,0,1,0,33,25,Petite (<25),1,2,0,0,0.55
EPI-BDX-00128,EPITECH Bordeaux,Bachelor,BACH-3A-G3,3,21-23,8.3,8.9,10.1,6.4,8.3,1,0,0.63,0.63,0.49,2,3,1,1,23,35,Grande (>35),4,0,0,0,0.77
EPI-BDX-00129,EPITECH Bordeaux,Programme Grande École,PGE-3A-G8,3,18-20,13.0,10.9,12.0,14.3,9.5,1,0,0.69,0.58,0.34,1,0,0,0,41,25,Petite (<25),3,4,0,0,0.81
EPI-BDX-00130,EPITECH Bordeaux,Bachelor,BACH-3A-G2,3,24-26,11.4,12.3,8.3,10.9,6.1,1,0,0.6,0.1,0.42,4,1,1,0,23,35,Petite (<25),1,3,0,0,0.83
EPI-BDX-00131,EPITECH Bordeaux,Bachelor,BACH-2A-G1,2,18-20,12.7,13.4,12.0,11.3,10.1,1,0,0.55,0.42,0.19,0,0,1,1,38,20,Moyenne (25-35),3,1,0,0,0.69
EPI-BDX-00132,EPITECH Bordeaux,Bachelor,BACH-2A-G4,2,18-20,6.7,7.7,9.0,10.5,1.8,0,0,0.91,0.47,0.54,7,1,2,0,27,35,Moyenne (25-35),2,1,0,0,0.93
EPI-BDX-00133,EPITECH Bordeaux,Programme Grande École,PGE-1A-G8,1,21-23,15.9,10.5,16.8,15.2,2.8,1,0,0.44,0.43,0.62,1,1,4,0,28,20,Moyenne (25-35),0,1,0,2,0.54
EPI-BDX-00134,EPITECH Bordeaux,Bachelor,BACH-3A-G1,3,24-26,13.4,13.4,12.0,11.5,4.8,1,0,0.71,0.6,0.33,3,0,3,0,24,30,Moyenne (25-35),5,2,0,2,0.48
EPI-BDX-00135,EPITECH Bordeaux,Programme Grande École,PGE-3A-G1,3,21-23,12.1,11.8,11.8,14.9,3.3,0,0,0.41,0.57,0.56,2,0,0,0,42,25,Moyenne (25-35),0,0,0,0,0.44
EPI-BDX-00136,EPITECH Bordeaux,Programme Grande École,PGE-3A-G5,3,18-20,14.6,15.2,16.0,17.5,0.7,0,0,0.53,0.45,0.35,1,1,0,1,24,30,Petite (<25),2,0,0,1,0.27
EPI-BDX-00137,EPITECH Bordeaux,Programme Grande École,PGE-1A-G5,1,21-23,14.0,12.2,20.0,13.2,11.7,1,1,0.42,0.22,0.59,1,0,3,1,36,20,Petite (<25),7,0,0,0,0.46
EPI-BDX-00138,EPITECH Bordeaux,Programme Grande École,PGE-1A-G3,1,21-23,9.8,8.5,5.3,9.3,4.5,1,0,0.82,0.55,0.77,4,1,2,0,37,30,Petite (<25),0,1,0,0,0.14
EPI-BDX-00139,EPITECH Bordeaux,MSc,MSc-2A-G1,2,18-20,13.5,13.7,15.5,12.6,10.1,2,3,0.77,0.67,0.52,4,0,2,1,44,30,Petite (<25),3,1,0,1,0.3
EPI-BDX-00140,EPITECH Bordeaux,Programme Grande École,PGE-2A-G4,2,18-20,10.4,11.6,9.5,10.8,6.0,0,0,0.48,0.48,0.18,4,1,0,0,23,35,Grande (>35),5,3,0,1,0.83
EPI-BDX-00141,EPITECH Bordeaux,Programme Grande École,PGE-3A-G2,3,24-26,13.3,13.2,16.6,10.9,11.2,1,0,0.76,0.17,0.27,3,0,2,0,26,25,Moyenne (25-35),4,3,0,1,0.5
EPI-BDX-00142,EPITECH Bordeaux,Programme Grande École,PGE-5A-G6,5,21-23,17.3,18.0,15.3,17.7,11.5,1,0,0.73,0.88,0.2,0,0,0,0,31,35,Petite (<25),3,0,0,0,0.8
EPI-BDX-00143,EPITECH Bordeaux,Bachelor,BACH-2A-G3,2,18-20,8.6,6.9,9.3,7.2,14.3,2,1,0.53,0.79,0.52,4,1,1,0,48,20,Moyenne (25-35),4,1,0,0,0.49
EPI-BDX-00144,EPITECH Bordeaux,Bachelor,BACH-3A-G2,3,27+,14.5,14.7,13.6,13.9,6.3,1,1,0.9,0.75,0.26,6,0,0,0,15,20,Grande (>35),0,2,0,1,0.33
EPI-BDX-00145,EPITECH Bordeaux,Bachelor,BACH-3A-G3,3,21-23,16.2,16.2,18.8,17.8,3.0,0,0,0.15,0.61,0.29,0,1,2,1,25,25,Moyenne (25-35),1,2,1,0,0.4
EPI-BDX-00146,EPITECH Bordeaux,Programme Grande École,PGE-2A-G5,2,21-23,17.6,17.5,17.2,19.0,3.6,0,0,0.78,0.88,0.4,4,0,1,0,25,20,Moyenne (25-35),2,2,0,1,0.52
EPI-BDX-00147,EPITECH Bordeaux,Bachelor,BACH-1A-G2,1,24-26,13.4,15.6,14.7,13.7,6.1,0,1,0.58,0.39,0.45,4,0,2,0,40,25,Moyenne (25-35),1,1,0,1,0.68
EPI-BDX-00148,EPITECH Bordeaux,Bachelor,BACH-2A-G2,2,18-20,10.1,9.1,11.8,8.8,6.9,1,0,0.67,0.67,0.57,6,0,4,0,47,30,Moyenne (25-35),1,1,0,0,0.43
EPI-BDX-00149,EPITECH Bordeaux,Programme Grande École,PGE-3A-G6,3,21-23,13.2,15.8,15.7,12.3,7.7,1,0,0.79,0.8,0.3,3,1,1,1,29,25,Moyenne (25-35),3,3,0,0,0.62
EPI-BDX-00150,EPITECH Bordeaux,Bachelor,BACH-2A-G1,2,27+,10.5,12.7,8.4,10.3,8.9,2,1,0.7,0.72,0.26,5,1,0,0,28,30,Grande (>35),2,1,0,1,0.67
EPI-BDX-00151,EPITECH Bordeaux,Programme Grande École,PGE-4A-G2,4,18-20,15.9,14.2,17.2,13.4,9.5,0,0,0.66,0.84,0.44,1,1,2,0,32,25,Petite (<25),3,3,0,0,0.29
EPI-BDX-00152,EPITECH Bordeaux,Bachelor,BACH-1A-G5,1,21-23,15.5,15.4,14.6,16.4,10.7,0,0,0.72,0.61,0.73,2,0,2,0,43,20,Moyenne (25-35),1,0,1,1,0.62
EPI-BDX-00153,EPITECH Bordeaux,Programme Grande École,PGE-5A-G4,5,18-20,14.2,13.2,15.0,15.8,5.6,0,1,0.74,0.77,0.19,2,1,0,0,28,35,Grande (>35),4,3,0,0,0.53
EPI-BDX-00154,EPITECH Bordeaux,MSc,MSc-2A-G3,2,18-20,14.5,17.8,13.6,14.8,14.6,0,0,0.53,0.31,0.34,5,0,1,0,23,30,Grande (>35),1,2,0,1,0.78
EPI-BDX-00155,EPITECH Bordeaux,Bachelor,BACH-3A-G1,3,18-20,11.0,12.7,12.7,10.3,3.6,0,0,0.63,0.88,0.17,5,1,1,1,10,20,Moyenne (25-35),2,1,1,0,0.5
EPI-BDX-00156,EPITECH Bordeaux,Programme Grande École,PGE-2A-G7,2,18-20,7.4,6.6,11.0,5.5,11.7,1,1,0.92,0.43,0.58,3,1,2,0,29,25,Petite (<25),1,2,0,0,0.36
EPI-BDX-00157,EPITECH Bordeaux,MSc,MSc-2A-G2,2,21-23,12.0,12.4,12.6,11.9,11.3,1,0,0.53,0.93,0.36,2,1,0,0,40,20,Grande (>35),3,1,0,1,0.7
EPI-BDX-00158,EPITECH Bordeaux,Programme Grande École,PGE-1A-G4,1,24-26,13.1,12.5,13.9,13.6,12.6,1,1,0.65,0.62,0.58,3,0,2,0,32,25,Moyenne (25-35),2,3,0,1,0.41
EPI-BDX-00159,EPITECH Bordeaux,MSc,MSc-1A-G1,1,21-23,10.5,10.2,12.2,13.9,6.6,2,0,0.9,0.17,0.8,10,0,1,0,39,25,Grande (>35),2,3,0,0,0.63
EPI-BDX-00160,EPITECH Bordeaux,Bachelor,BACH-1A-G3,1,18-20,12.1,10.8,11.2,12.5,12.2,1,0,0.47,0.56,0.19,1,1,0,1,22,30,Grande (>35),2,5,1,0,0.76
EPI-BDX-00161,EPITECH Bordeaux,Programme Grande École,PGE-3A-G8,3,21-23,14.6,12.9,14.1,14.7,12.3,0,1,0.48,0.32,0.6,0,2,2,1,40,20,Grande (>35),1,1,0,0,0.71
EPI-BDX-00162,EPITECH Bordeaux,Bachelor,BACH-2A-G5,2,18-20,14.8,13.6,17.0,14.0,4.2,0,0,0.62,0.02,0.06,3,0,0,0,31,20,Moyenne (25-35),1,0,0,0,0.45
EPI-BDX-00163,EPITECH Bordeaux,Programme Grande École,PGE-3A-G8,3,27+,11.7,11.2,13.2,9.7,13.6,3,1,0.38,0.53,0.7,2,3,0,0,29,30,Moyenne (25-35),3,2,0,0,0.21
EPI-BDX-00164,EPITECH Bordeaux,MSc,MSc-1A-G3,1,18-20,14.2,13.6,14.4,15.5,7.8,1,1,0.94,0.59,0.74,1,0,1,1,26,20,Grande (>35),2,4,0,0,0.38
EPI-BDX-00165,EPITECH Bordeaux,Programme Grande École,PGE-5A-G8,5,18-20,9.4,11.6,8.7,8.4,3.3,1,0,0.49,0.84,0.43,1,1,1,0,49,30,Moyenne (25-35),1,3,0,0,0.56
EPI-BDX-00166,EPITECH Bordeaux,Bachelor,BACH-1A-G3,1,24-26,14.2,14.7,16.7,13.0,9.1,0,1,0.57,0.85,0.16,3,1,1,1,28,25,Grande (>35),2,1,1,1,0.46
EPI-BDX-00167,EPITECH Bordeaux,Bachelor,BACH-3A-G3,3,21-23,7.0,5.0,10.6,5.6,17.4,3,2,0.53,0.68,0.33,4,0,3,0,30,30,Moyenne (25-35),2,1,0,2,0.79
EPI-BDX-00168,EPITECH Bordeaux,Bachelor,BACH-2A-G1,2,24-26,15.6,14.1,14.7,14.5,8.7,2,0,0.59,0.69,0.34,7,1,0,1,26,25,Moyenne (25-35),2,1,0,0,0.19
EPI-BDX-00169,EPITECH Bordeaux,MSc,MSc-2A-G2,2,18-20,14.0,11.7,11.8,13.0,1.3,0,0,0.55,0.63,0.43,4,0,3,1,15,30,Moyenne (25-35),1,2,0,1,0.97
EPI-BDX-00170,EPITECH Bordeaux,Programme Grande École,PGE-2A-G2,2,24-26,13.0,12.8,11.7,14.3,5.2,2,1,0.93,0.8,0.6,3,0,2,0,48,20,Moyenne (25-35),1,2,0,1,0.78
EPI-BDX-00171,EPITECH Bordeaux,Bachelor,BACH-1A-G3,1,18-20,9.8,9.1,7.8,8.1,13.4,1,1,0.74,0.8,0.39,5,0,0,0,30,30,Petite (<25),2,1,0,1,0.87
EPI-BDX-00172,EPITECH Bordeaux,Bachelor,BACH-3A-G1,3,18-20,16.8,16.7,20.0,16.7,11.1,1,0,0.29,0.26,0.27,2,1,1,1,10,25,Moyenne (25-35),1,0,0,2,0.81
EPI-BDX-00173,EPITECH Bordeaux,Bachelor,BACH-3A-G2,3,24-26,14.9,13.4,16.9,14.6,14.8,3,3,0.27,0.26,0.52,1,0,0,0,34,30,Petite (<25),1,1,0,0,0.33
EPI-BDX-00174,EPITECH Bordeaux,MSc,MSc-2A-G2,2,27+,13.1,14.6,17.2,13.0,9.2,2,0,0.36,0.75,0.11,1,2,1,1,32,25,Moyenne (25-35),1,2,0,0,0.34
EPI-BDX-00175,EPITECH Bordeaux,Bachelor,BACH-1A-G5,1,27+,9.2,8.7,10.5,10.4,1.7,0,0,0.81,0.54,0.77,4,1,1,0,29,25,Petite (<25),2,2,0,0,0.53
EPI-BDX-00176,EPITECH Bordeaux,Programme Grande École,PGE-2A-G4,2,27+,10.6,9.0,9.7,9.8,10.0,0,0,0.83,0.63,0.1,4,0,1,0,37,30,Petite (<25),3,1,0,0,0.64
EPI-BDX-00177,EPITECH Bordeaux,Programme Grande École,PGE-3A-G5,3,21-23,16.6,16.2,14.3,16.6,3.0,0,0,0.54,0.65,0.73,3,0,2,0,40,35,Moyenne (25-35),3,4,0,2,0.5
EPI-BDX-00178,EPITECH Bordeaux,Bachelor,BACH-1A-G2,1,18-20,16.5,14.9,16.8,18.8,2.0,0,0,0.55,0.52,0.69,2,0,2,0,26,25,Moyenne (25-35),0,2,2,0,0.37
EPI-BDX-00179,EPITECH Bordeaux,Bachelor,BACH-1A-G5,1,18-20,12.2,13.6,11.7,10.8,5.6,1,3,0.65,0.68,0.17,2,1,0,0,28,25,Grande (>35),2,3,1,0,0.72
EPI-BDX-00180,EPITECH Bordeaux,Bachelor,BACH-3A-G5,3,18-20,5.6,5.3,6.7,5.6,4.4,1,0,0.37,0.44,0.84,2,1,4,0,25,25,Moyenne (25-35),0,1,1,0,0.58
EPI-BDX-00181,EPITECH Bordeaux,Programme Grande École,PGE-2A-G6,2,18-20,13.8,11.2,12.6,14.7,1.3,0,0,0.81,0.49,0.51,9,0,4,1,41,30,Petite (<25),1,0,2,0,0.47
EPI-BDX-00182,EPITECH Bordeaux,Programme Grande École,PGE-5A-G5,5,24-26,14.8,14.8,16.0,16.2,6.4,0,1,0.7,0.71,0.37,4,2,3,0,19,25,Grande (>35),2,0,0,0,0.44
EPI-BDX-00183,EPITECH Bordeaux,MSc,MSc-2A-G3,2,24-26,12.2,13.3,11.7,12.8,0.5,0,0,0.78,0.88,0.26,6,1,0,1,31,25,Moyenne (25-35),7,2,2,1,0.71
EPI-BDX-00184,EPITECH Bordeaux,Programme Grande École,PGE-3A-G6,3,27+,8.3,10.2,5.0,9.6,0.9,0,0,0.92,0.21,0.49,6,0,2,0,26,25,Petite (<25),0,1,0,3,0.52
EPI-BDX-00185,EPITECH Bordeaux,Programme Grande École,PGE-1A-G5,1,18-20,14.3,12.9,14.6,14.8,3.6,2,0,0.58,0.23,0.3,4,0,3,1,46,25,Petite (<25),1,3,0,1,0.53
EPI-BDX-00186,EPITECH Bordeaux,Programme Grande École,PGE-4A-G8,4,18-20,13.4,13.9,16.1,10.7,2.5,0,1,0.33,0.32,0.57,1,1,0,0,33,20,Grande (>35),5,2,0,0,0.64
EPI-BDX-00187,EPITECH Bordeaux,Programme Grande École,PGE-1A-G5,1,18-20,9.5,11.4,10.6,9.6,9.8,0,0,0.85,0.57,0.1,7,0,1,1,39,25,Moyenne (25-35),2,2,1,2,0.92
EPI-BDX-00188,EPITECH Bordeaux,Programme Grande École,PGE-5A-G3,5,18-20,15.3,15.0,17.6,17.3,7.0,4,0,0.8,0.59,0.81,7,0,2,0,11,30,Moyenne (25-35),0,1,0,0,0.72
EPI-BDX-00189,EPITECH Bordeaux,MSc,MSc-2A-G3,2,24-26,13.7,12.9,16.0,15.6,7.9,1,0,0.47,0.5,0.34,2,2,3,0,27,35,Petite (<25),4,3,0,0,0.92
EPI-BDX-00190,EPITECH Bordeaux,Bachelor,BACH-1A-G1,1,18-20,19.9,20.0,19.1,19.0,8.0,0,0,0.49,0.91,0.77,6,0,2,1,26,25,Petite (<25),2,1,0,0,0.82
EPI-BDX-00191,EPITECH Bordeaux,Programme Grande École,PGE-5A-G3,5,18-20,16.6,16.7,17.9,17.6,2.3,0,0,0.75,0.64,0.75,5,0,3,1,35,20,Moyenne (25-35),1,2,0,1,0.8
EPI-BDX-00192,EPITECH Bordeaux,Programme Grande École,PGE-4A-G1,4,21-23,15.2,14.2,18.2,13.6,5.4,0,0,0.61,0.84,0.37,0,1,1,0,32,25,Moyenne (25-35),2,0,0,0,0.92
EPI-BDX-00193,EPITECH Bordeaux,MSc,MSc-2A-G3,2,18-20,6.4,6.1,8.0,5.0,2.9,0,1,0.59,0.29,0.95,2,1,2,0,29,30,Moyenne (25-35),5,2,0,0,0.73
EPI-BDX-00194,EPITECH Bordeaux,Programme Grande École,PGE-3A-G1,3,18-20,14.9,15.0,15.9,15.5,9.6,2,0,0.84,0.83,0.67,3,0,2,0,20,25,Moyenne (25-35),3,2,0,1,0.28
EPI-BDX-00195,EPITECH Bordeaux,Bachelor,BACH-1A-G5,1,21-23,13.8,13.2,14.7,16.6,3.5,0,0,0.45,0.71,0.47,5,1,5,0,46,25,Moyenne (25-35),3,1,0,0,0.68
EPI-BDX-00196,EPITECH Bordeaux,MSc,MSc-1A-G3,1,21-23,15.9,15.8,16.3,13.8,1.2,0,0,0.51,0.93,0.25,4,0,1,1,21,25,Petite (<25),1,1,1,0,0.49
EPI-BDX-00197,EPITECH Bordeaux,Programme Grande École,PGE-5A-G7,5,24-26,10.7,11.3,10.4,9.8,3.4,1,0,0.76,0.53,0.34,3,1,0,1,29,30,Petite (<25),2,0,1,0,0.72
EPI-BDX-00198,EPITECH Bordeaux,Programme Grande École,PGE-2A-G2,2,21-23,10.2,8.7,11.0,8.5,5.8,0,1,0.27,0.7,0.38,2,2,1,0,30,20,Moyenne (25-35),2,1,1,0,0.74
EPI-BDX-00199,EPITECH Bordeaux,Bachelor,BACH-3A-G1,3,24-26,9.9,7.7,10.8,11.9,9.5,3,0,0.51,0.78,0.16,0,3,0,1,31,25,Grande (>35),1,4,0,0,0.18
EPI-BDX-00200,EPITECH Bordeaux,Bachelor,BACH-1A-G4,1,24-26,13.6,13.8,12.1,13.2,3.6,1,0,0.75,0.73,0.31,4,1,0,1,42,20,Petite (<25),1,1,0,0,0.24
EPI-BDX-00201,EPITECH Bordeaux,Programme Grande École,PGE-5A-G5,5,18-20,15.9,15.5,13.4,15.0,8.4,0,1,0.22,0.68,0.26,1,1,2,1,29,35,Moyenne (25-35),2,0,0,3,0.79
EPI-BDX-00202,EPITECH Bordeaux,Programme Grande École,PGE-5A-G6,5,21-23,11.2,9.3,13.6,12.4,9.5,2,1,0.59,0.42,0.34,7,2,2,0,32,25,Grande (>35),6,2,0,0,0.65
EPI-BDX-00203,EPITECH Bordeaux,Programme Grande École,PGE-4A-G2,4,21-23,9.0,6.8,10.2,11.6,11.8,0,1,0.62,0.67,0.06,3,2,0,0,37,25,Petite (<25),0,3,0,0,0.67
EPI-BDX-00204,EPITECH Bordeaux,Bachelor,BACH-3A-G3,3,21-23,11.9,14.4,12.2,9.7,5.9,1,0,0.66,0.76,0.53,1,1,1,1,44,20,Grande (>35),4,4,1,0,0.27
EPI-BDX-00205,EPITECH Bordeaux,Programme Grande École,PGE-2A-G6,2,18-20,8.3,7.8,12.4,9.7,5.1,0,1,0.48,0.63,0.36,1,2,1,1,33,30,Petite (<25),6,1,0,0,0.53
EPI-BDX-00206,EPITECH Bordeaux,Programme Grande École,PGE-5A-G4,5,21-23,10.4,11.9,15.1,10.8,7.1,1,0,0.79,0.79,0.6,3,0,1,1,32,20,Moyenne (25-35),3,2,0,0,0.85
EPI-BDX-00207,EPITECH Bordeaux,Bachelor,BACH-3A-G1,3,21-23,9.3,9.8,9.0,9.2,7.9,1,2,0.48,0.83,0.31,0,1,1,1,38,20,Grande (>35),2,1,0,0,0.74
EPI-BDX-00208,EPITECH Bordeaux,Bachelor,BACH-1A-G1,1,18-20,14.6,16.6,12.6,13.0,12.2,0,0,0.56,0.51,0.71,3,1,2,0,33,30,Moyenne (25-35),3,2,0,2,0.37
EPI-BDX-00209,EPITECH Bordeaux,Programme Grande École,PGE-3A-G2,3,18-20,9.3,10.2,7.8,6.9,7.1,1,0,0.31,0.89,0.12,1,1,0,0,20,25,Grande (>35),3,4,0,0,0.75
EPI-BDX-00210,EPITECH Bordeaux,Bachelor,BACH-2A-G4,2,18-20,12.3,12.6,15.6,10.8,7.0,0,1,0.55,0.47,0.14,6,0,1,1,38,20,Moyenne (25-35),1,1,0,0,0.61
EPI-BDX-00211,EPITECH Bordeaux,Programme Grande École,PGE-2A-G2,2,18-20,17.3,16.4,18.1,15.5,2.2,0,0,0.36,0.82,0.45,2,1,2,0,42,30,Petite (<25),1,0,0,0,0.7
EPI-BDX-00212,EPITECH Bordeaux,Programme Grande École,PGE-5A-G5,5,24-26,15.6,17.9,16.4,18.3,9.4,2,2,0.68,0.57,0.55,7,1,1,0,32,25,Moyenne (25-35),0,2,0,0,0.51
EPI-BDX-00213,EPITECH Bordeaux,MSc,MSc-2A-G2,2,21-23,14.7,13.3,18.2,14.2,17.6,2,0,0.28,0.42,0.45,2,1,1,0,40,25,Petite (<25),0,0,1,1,0.25
EPI-BDX-00214,EPITECH Bordeaux,Programme Grande École,PGE-2A-G4,2,21-23,13.8,14.6,14.0,13.6,10.4,1,1,0.8,0.79,0.74,2,0,0,1,15,20,Petite (<25),2,1,1,0,0.18
EPI-BDX-00215,EPITECH Bordeaux,Bachelor,BACH-1A-G5,1,21-23,10.2,9.0,7.8,11.4,8.9,0,3,0.76,0.43,0.26,2,0,0,1,22,25,Moyenne (25-35),3,2,0,0,0.6
EPI-BDX-00216,EPITECH Bordeaux,Programme Grande École,PGE-1A-G4,1,18-20,13.2,15.5,12.3,14.2,8.7,1,2,0.37,0.79,0.25,4,0,2,0,32,30,Moyenne (25-35),4,3,0,0,0.89
EPI-BDX-00217,EPITECH Bordeaux,Bachelor,BACH-1A-G3,1,18-20,10.7,10.0,10.8,8.2,1.7,1,0,0.6,0.62,0.55,2,1,0,0,33,35,Petite (<25),4,4,1,2,0.53
EPI-BDX-00218,EPITECH Bordeaux,Programme Grande École,PGE-1A-G4,1,24-26,10.3,11.7,12.4,9.7,14.6,0,1,0.54,0.85,0.67,1,3,4,0,37,20,Moyenne (25-35),4,4,0,0,0.74
EPI-BDX-00219,EPITECH Bordeaux,Programme Grande École,PGE-4A-G6,4,18-20,12.4,11.8,14.0,10.8,3.7,0,1,0.78,0.64,0.31,5,0,1,0,10,30,Petite (<25),2,1,1,0,0.81
EPI-BDX-00220,EPITECH Bordeaux,Programme Grande École,PGE-1A-G8,1,18-20,11.7,8.8,14.5,12.4,7.0,2,0,0.75,0.39,0.49,4,0,1,0,36,35,Grande (>35),3,1,0,1,0.89
EPI-BDX-00221,EPITECH Bordeaux,Programme Grande École,PGE-4A-G3,4,18-20,13.1,14.8,14.1,11.2,11.6,0,2,0.69,0.45,0.29,5,1,0,1,10,25,Grande (>35),1,0,0,0,0.44
EPI-BDX-00222,EPITECH Bordeaux,Programme Grande École,PGE-3A-G3,3,18-20,7.7,7.1,9.2,9.7,2.7,0,0,0.54,0.86,0.24,4,6,0,0,34,25,Petite (<25),3,2,0,0,0.29
EPI-BDX-00223,EPITECH Bordeaux,Bachelor,BACH-1A-G5,1,21-23,15.7,15.4,15.8,15.0,1.5,0,0,0.71,0.93,0.36,3,1,1,0,41,25,Grande (>35),2,3,0,0,0.94
EPI-BDX-00224,EPITECH Bordeaux,Programme Grande École,PGE-5A-G5,5,18-20,15.5,13.8,17.6,14.6,9.3,2,0,0.79,0.63,0.36,3,0,2,0,21,25,Grande (>35),4,0,1,0,0.65
EPI-BDX-00225,EPITECH Bordeaux,Bachelor,BACH-2A-G2,2,18-20,10.9,8.5,10.1,13.3,6.3,2,0,0.61,0.76,0.31,5,2,1,1,23,25,Petite (<25),3,2,0,0,0.59
EPI-BDX-00226,EPITECH Bordeaux,MSc,MSc-1A-G2,1,21-23,6.3,5.0,7.1,7.3,8.8,1,0,0.38,0.52,0.15,2,2,1,0,10,25,Moyenne (25-35),2,1,0,0,0.37
EPI-BDX-00227,EPITECH Bordeaux,Programme Grande École,PGE-2A-G8,2,24-26,14.9,17.1,14.4,14.3,0.5,0,0,0.68,0.91,0.78,2,1,2,0,13,25,Moyenne (25-35),1,4,0,0,0.87
EPI-BDX-00228,EPITECH Bordeaux,Bachelor,BACH-3A-G4,3,21-23,15.1,15.3,17.0,12.0,4.6,1,0,0.51,0.65,0.09,3,1,1,0,23,25,Petite (<25),4,2,1,0,0.78
EPI-BDX-00229,EPITECH Bordeaux,Programme Grande École,PGE-2A-G8,2,18-20,12.8,17.0,13.4,14.5,14.0,2,2,0.28,0.73,0.42,2,1,0,1,38,25,Moyenne (25-35),5,1,0,0,0.53
EPI-BDX-00230,EPITECH Bordeaux,Bachelor,BACH-3A-G3,3,18-20,6.8,7.8,6.6,5.8,2.1,1,0,0.56,0.81,0.71,5,2,2,1,40,35,Moyenne (25-35),2,0,0,0,0.64
EPI-BDX-00231,EPITECH Bordeaux,Programme Grande École,PGE-5A-G6,5,21-23,18.6,20.0,18.2,15.9,3.2,1,0,0.56,0.46,0.64,1,0,4,0,22,25,Moyenne (25-35),2,2,0,0,0.63
EPI-BDX-00232,EPITECH Bordeaux,Programme Grande École,PGE-5A-G8,5,21-23,13.1,13.3,13.1,14.3,8.1,1,1,0.58,0.61,0.48,5,0,1,1,48,20,Petite (<25),1,1,0,0,0.59
EPI-BDX-00233,EPITECH Bordeaux,Bachelor,BACH-2A-G1,2,18-20,10.2,8.8,14.1,8.9,10.0,0,1,0.78,0.22,0.6,8,0,0,0,30,30,Grande (>35),6,2,0,0,0.09
EPI-BDX-00234,EPITECH Bordeaux,Programme Grande École,PGE-1A-G7,1,21-23,15.5,16.1,13.3,14.7,11.5,0,0,0.65,0.81,0.21,4,1,2,0,46,30,Petite (<25),3,2,2,0,0.83
EPI-BDX-00235,EPITECH Bordeaux,Bachelor,BACH-1A-G4,1,18-20,13.5,12.0,12.6,11.8,1.0,0,0,0.88,0.72,0.27,4,0,1,0,24,35,Moyenne (25-35),3,0,0,0,0.68
EPI-BDX-00236,EPITECH Bordeaux,MSc,MSc-2A-G2,2,21-23,14.7,17.6,16.0,13.5,4.8,0,0,0.67,0.75,0.26,3,0,2,1,32,25,Grande (>35),1,2,0,0,0.64
EPI-BDX-00237,EPITECH Bordeaux,MSc,MSc-2A-G1,2,18-20,10.9,12.3,5.5,12.7,8.2,2,0,0.89,0.39,0.29,2,0,1,1,40,30,Moyenne (25-35),1,0,0,1,0.45
EPI-BDX-00238,EPITECH Bordeaux,Programme Grande École,PGE-1A-G1,1,18-20,16.2,17.5,17.0,14.6,6.7,0,0,0.75,0.56,0.41,6,0,5,1,25,25,Moyenne (25-35),2,3,1,1,0.68
EPI-BDX-00239,EPITECH Bordeaux,Programme Grande École,PGE-5A-G7,5,18-20,7.9,8.1,7.4,5.0,13.3,4,2,0.83,0.79,0.14,1,1,1,0,44,30,Petite (<25),7,0,0,2,0.83
EPI-BDX-00240,EPITECH Bordeaux,Programme Grande École,PGE-2A-G6,2,27+,12.8,13.3,13.6,12.1,7.1,1,1,0.67,0.65,0.44,5,0,2,0,38,30,Moyenne (25-35),2,1,0,0,0.38
EPI-BDX-00241,EPITECH Bordeaux,Bachelor,BACH-2A-G3,2,18-20,17.6,15.8,16.2,17.8,4.2,0,0,0.35,0.77,0.63,1,1,5,0,29,20,Moyenne (25-35),4,0,0,1,0.65
EPI-BDX-00242,EPITECH Bordeaux,Bachelor,BACH-2A-G2,2,24-26,13.2,14.7,13.1,11.9,5.5,1,0,0.51,0.9,0.4,3,1,1,0,49,20,Petite (<25),3,3,0,0,0.74
EPI-BDX-00243,EPITECH Bordeaux,Bachelor,BACH-3A-G1,3,21-23,11.4,10.7,9.5,12.0,2.3,0,1,0.56,0.83,0.57,4,1,5,0,15,25,Petite (<25),2,0,0,0,0.74
EPI-BDX-00244,EPITECH Bordeaux,Programme Grande École,PGE-5A-G4,5,18-20,7.9,8.5,9.9,8.6,15.0,3,1,0.8,0.72,0.59,5,0,1,0,39,20,Grande (>35),2,2,1,2,0.39
EPI-BDX-00245,EPITECH Bordeaux,Bachelor,BACH-2A-G5,2,18-20,12.5,9.1,12.3,14.0,15.4,4,2,0.38,0.8,0.81,5,2,2,1,20,20,Petite (<25),2,2,1,1,0.79
EPI-BDX-00246,EPITECH Bordeaux,Programme Grande École,PGE-4A-G8,4,24-26,15.9,16.6,18.7,15.6,11.5,2,0,0.54,0.89,0.11,2,1,1,1,40,30,Moyenne (25-35),0,0,0,1,0.63
EPI-BDX-00247,EPITECH Bordeaux,MSc,MSc-2A-G1,2,18-20,17.3,16.0,18.6,15.5,11.2,4,1,0.56,0.92,0.26,1,3,0,0,34,25,Moyenne (25-35),1,1,0,0,0.45
EPI-BDX-00248,EPITECH Bordeaux,Bachelor,BACH-1A-G2,1,21-23,18.4,18.9,16.3,17.9,4.2,0,2,0.71,0.73,0.73,5,1,1,1,12,30,Grande (>35),0,0,0,1,0.77
EPI-BDX-00249,EPITECH Bordeaux,Programme Grande École,PGE-5A-G6,5,21-23,17.0,15.5,16.2,14.8,9.9,2,0,0.3,0.62,0.48,1,1,2,0,37,30,Moyenne (25-35),4,1,0,0,0.77
EPI-BDX-00250,EPITECH Bordeaux,Programme Grande École,PGE-1A-G7,1,18-20,12.2,14.6,14.1,13.8,5.2,0,0,0.41,0.65,0.28,4,1,1,1,20,20,Grande (>35),3,0,1,0,0.57
EPI-BDX-00251,EPITECH Bordeaux,Programme Grande École,PGE-1A-G8,1,18-20,16.0,15.6,18.1,16.1,1.8,0,1,0.55,0.52,0.81,1,0,2,0,43,30,Moyenne (25-35),1,1,1,0,0.78
EPI-BDX-00252,EPITECH Bordeaux,Programme Grande École,PGE-4A-G7,4,18-20,16.9,17.7,17.5,14.9,7.2,1,1,0.64,0.67,0.34,3,0,1,1,44,20,Moyenne (25-35),1,0,0,0,0.54
EPI-BDX-00253,EPITECH Bordeaux,Bachelor,BACH-3A-G5,3,24-26,8.9,11.2,6.3,9.0,1.6,0,0,0.83,0.67,0.4,3,1,0,0,16,25,Moyenne (25-35),5,1,0,0,0.65
EPI-BDX-00254,EPITECH Bordeaux,Programme Grande École,PGE-1A-G1,1,24-26,9.3,7.8,7.2,8.9,13.9,0,1,0.67,0.8,0.64,3,0,3,1,16,20,Petite (<25),2,2,0,2,0.46
EPI-BDX-00255,EPITECH Bordeaux,Bachelor,BACH-3A-G4,3,18-20,10.1,10.2,10.6,11.0,2.1,0,0,0.55,0.84,0.46,9,0,3,0,30,25,Petite (<25),1,1,0,0,0.59
EPI-BDX-00256,EPITECH Bordeaux,Programme Grande École,PGE-1A-G3,1,21-23,12.0,13.3,14.9,11.1,2.9,0,0,0.67,0.38,0.05,3,1,0,0,42,30,Petite (<25),2,1,0,0,0.69
EPI-BDX-00257,EPITECH Bordeaux,Programme Grande École,PGE-3A-G7,3,21-23,13.1,11.4,14.8,13.9,1.0,0,0,0.27,0.17,0.39,1,1,1,0,40,30,Petite (<25),3,1,0,0,0.43
EPI-BDX-00258,EPITECH Bordeaux,Bachelor,BACH-2A-G3,2,21-23,12.9,13.9,11.1,14.5,12.5,1,0,0.47,0.21,0.46,1,1,1,0,14,25,Moyenne (25-35),1,0,0,0,0.73
EPI-BDX-00259,EPITECH Bordeaux,Bachelor,BACH-3A-G4,3,21-23,15.1,16.3,15.0,15.4,4.8,1,1,0.71,0.67,0.33,0,0,0,1,18,30,Grande (>35),2,1,0,0,0.36
EPI-BDX-00260,EPITECH Bordeaux,Programme Grande École,PGE-2A-G4,2,24-26,16.7,17.4,17.6,15.7,12.5,0,0,0.57,0.52,0.49,5,0,4,0,12,20,Moyenne (25-35),2,5,1,0,0.75
EPI-BDX-00261,EPITECH Bordeaux,MSc,MSc-1A-G3,1,18-20,11.6,11.6,14.3,10.8,6.6,1,0,0.73,0.51,0.63,3,0,1,0,29,30,Grande (>35),5,1,2,2,0.58
EPI-BDX-00262,EPITECH Bordeaux,Bachelor,BACH-2A-G3,2,18-20,9.6,8.0,9.8,10.4,1.3,2,0,0.45,0.66,0.34,2,0,2,1,34,30,Moyenne (25-35),5,0,1,1,0.91
EPI-BDX-00263,EPITECH Bordeaux,Programme Grande École,PGE-3A-G6,3,24-26,14.6,15.1,17.3,14.9,10.7,1,0,0.86,0.74,0.58,3,0,1,0,11,25,Petite (<25),2,1,1,1,0.44
EPI-BDX-00264,EPITECH Bordeaux,Programme Grande École,PGE-1A-G3,1,24-26,20.0,20.0,20.0,19.4,5.7,0,1,0.74,0.57,0.31,5,2,0,1,21,20,Moyenne (25-35),2,1,1,1,0.79
EPI-BDX-00265,EPITECH Bordeaux,MSc,MSc-1A-G3,1,18-20,13.1,12.8,11.9,12.5,11.3,1,1,0.44,0.93,0.49,4,1,1,0,10,35,Grande (>35),4,0,0,1,0.82
EPI-BDX-00266,EPITECH Bordeaux,Programme Grande École,PGE-1A-G1,1,18-20,15.3,15.4,16.7,14.7,10.1,0,1,0.43,0.71,0.35,2,0,3,1,40,30,Moyenne (25-35),2,2,0,0,0.8
EPI-BDX-00267,EPITECH Bordeaux,Programme Grande École,PGE-5A-G8,5,21-23,8.1,6.7,7.0,9.4,18.3,1,1,0.48,0.52,0.88,4,1,3,0,55,20,Petite (<25),4,1,0,1,0.74
EPI-BDX-00268,EPITECH Bordeaux,Bachelor,BACH-3A-G4,3,18-20,16.1,15.1,15.9,16.8,4.2,0,0,0.76,0.69,0.11,1,0,0,0,33,20,Grande (>35),2,1,0,0,0.22
EPI-BDX-00269,EPITECH Bordeaux,MSc,MSc-2A-G3,2,21-23,12.5,10.7,12.9,13.9,9.3,1,5,0.31,0.61,0.63,0,0,4,0,24,25,Grande (>35),5,4,0,0,0.76
EPI-BDX-00270,EPITECH Bordeaux,Programme Grande École,PGE-2A-G1,2,18-20,16.4,18.0,17.4,15.7,4.5,3,0,0.23,0.14,0.44,1,2,1,0,30,30,Moyenne (25-35),4,2,0,0,0.53
EPI-BDX-00271,EPITECH Bordeaux,Bachelor,BACH-1A-G2,1,21-23,9.0,8.5,10.3,9.6,1.5,1,0,0.58,0.55,0.43,2,0,0,1,25,20,Grande (>35),1,2,0,1,0.6
EPI-BDX-00272,EPITECH Bordeaux,Programme Grande École,PGE-4A-G8,4,21-23,9.8,9.7,9.9,8.7,3.3,0,0,0.36,0.75,0.49,0,0,4,0,31,25,Petite (<25),1,2,0,0,0.68
EPI-BDX-00273,EPITECH Bordeaux,Programme Grande École,PGE-2A-G8,2,18-20,15.1,12.5,10.9,16.1,1.9,0,1,0.74,0.46,0.2,4,0,1,0,52,25,Grande (>35),2,5,0,0,0.81
EPI-BDX-00274,EPITECH Bordeaux,Bachelor,BACH-2A-G3,2,18-20,11.1,11.6,10.9,12.3,4.7,2,1,0.64,0.9,0.77,4,1,2,0,40,20,Petite (<25),1,3,0,0,0.56
EPI-BDX-00275,EPITECH Bordeaux,Programme Grande École,PGE-1A-G7,1,18-20,12.2,11.7,12.1,11.6,5.5,2,0,0.56,0.97,0.24,1,0,0,1,19,25,Moyenne (25-35),2,2,2,0,0.51
EPI-BDX-00276,EPITECH Bordeaux,Bachelor,BACH-2A-G1,2,21-23,11.9,10.8,8.5,11.6,4.6,0,0,0.5,0.92,0.49,3,2,0,1,32,25,Petite (<25),0,1,0,0,0.79
EPI-BDX-00277,EPITECH Bordeaux,Programme Grande École,PGE-4A-G5,4,27+,16.9,15.2,19.2,15.6,7.2,1,0,0.36,0.32,0.89,1,0,1,1,31,30,Petite (<25),1,2,0,0,0.48
EPI-BDX-00278,EPITECH Bordeaux,Programme Grande École,PGE-4A-G7,4,18-20,13.6,12.0,11.5,13.8,5.3,1,0,0.68,0.09,0.67,5,0,1,1,28,20,Moyenne (25-35),2,3,2,0,0.68
EPI-BDX-00279,EPITECH Bordeaux,Programme Grande École,PGE-4A-G4,4,24-26,9.2,6.7,6.3,10.3,4.8,0,0,0.31,0.12,0.12,2,2,0,1,25,30,Petite (<25),2,1,0,1,0.34
EPI-BDX-00280,EPITECH Bordeaux,Programme Grande École,PGE-2A-G3,2,21-23,14.1,15.3,14.7,11.9,2.5,0,1,0.36,0.25,0.45,1,0,0,1,29,30,Grande (>35),4,2,0,1,0.59
EPI-BDX-00281,EPITECH Bordeaux,Programme Grande École,PGE-2A-G7,2,21-23,12.0,9.9,8.2,13.6,8.8,2,0,0.97,0.42,0.25,5,0,1,0,27,20,Moyenne (25-35),0,0,0,1,0.58
EPI-BDX-00282,EPITECH Bordeaux,Programme Grande École,PGE-5A-G7,5,24-26,18.5,20.0,20.0,16.3,6.2,0,1,0.59,0.91,0.6,3,0,1,1,31,30,Grande (>35),3,2,1,0,0.47
EPI-BDX-00283,EPITECH Bordeaux,Programme Grande École,PGE-1A-G2,1,18-20,10.4,8.9,12.0,10.5,12.3,2,0,0.17,0.29,0.8,0,2,3,1,35,20,Grande (>35),2,3,0,0,0.91
EPI-BDX-00284,EPITECH Bordeaux,MSc,MSc-2A-G3,2,18-20,12.4,13.6,15.6,15.5,5.8,0,0,0.42,0.75,0.31,3,0,2,1,39,20,Moyenne (25-35),0,1,1,0,0.45
EPI-BDX-00285,EPITECH Bordeaux,Programme Grande École,PGE-2A-G2,2,18-20,15.4,17.8,17.3,17.3,6.7,1,0,0.55,0.78,0.23,4,2,1,0,39,30,Petite (<25),3,1,1,0,0.7
EPI-BDX-00286,EPITECH Bordeaux,MSc,MSc-1A-G1,1,24-26,17.9,17.3,17.2,16.8,11.3,1,0,0.91,0.78,0.59,3,0,3,0,39,30,Moyenne (25-35),2,1,0,0,0.84
EPI-BDX-00287,EPITECH Bordeaux,MSc,MSc-1A-G3,1,21-23,13.0,12.5,12.1,13.3,5.0,1,0,0.31,0.46,0.28,0,3,0,0,24,30,Moyenne (25-35),0,3,0,1,0.1
EPI-BDX-00288,EPITECH Bordeaux,Programme Grande École,PGE-2A-G8,2,24-26,15.5,14.1,12.4,13.7,8.7,0,0,0.18,0.75,0.62,0,0,2,0,38,25,Grande (>35),2,1,0,0,0.77
EPI-BDX-00289,EPITECH Bordeaux,Programme Grande École,PGE-3A-G6,3,18-20,10.9,9.5,14.1,11.7,15.3,3,0,0.92,0.87,0.75,5,1,1,1,17,20,Petite (<25),2,1,0,1,0.67
EPI-BDX-00290,EPITECH Bordeaux,MSc,MSc-1A-G3,1,27+,12.1,9.9,13.2,11.0,10.8,2,1,0.41,0.34,0.21,2,1,0,0,20,25,Petite (<25),1,0,1,0,0.64
EPI-BDX-00291,EPITECH Bordeaux,Bachelor,BACH-1A-G3,1,18-20,9.2,9.0,12.1,11.4,18.6,1,1,0.92,0.61,0.41,7,0,0,0,32,25,Petite (<25),1,1,0,0,0.89
EPI-BDX-00292,EPITECH Bordeaux,Programme Grande École,PGE-5A-G5,5,18-20,14.1,13.4,13.7,15.7,6.9,0,1,0.78,0.61,0.75,8,1,1,1,40,30,Petite (<25),1,2,0,0,0.58
EPI-BDX-00293,EPITECH Bordeaux,MSc,MSc-2A-G1,2,24-26,6.5,7.8,7.2,8.4,3.9,1,0,0.73,0.61,0.39,7,0,2,0,30,25,Petite (<25),7,2,0,1,0.49
EPI-BDX-00294,EPITECH Bordeaux,Programme Grande École,PGE-5A-G8,5,21-23,13.7,14.4,11.7,15.4,4.1,0,0,0.82,0.4,0.35,3,1,2,1,21,25,Grande (>35),2,0,0,0,0.52
EPI-BDX-00295,EPITECH Bordeaux,MSc,MSc-2A-G1,2,21-23,9.3,6.7,8.3,9.3,3.0,0,0,0.68,0.51,0.1,1,2,0,0,28,20,Moyenne (25-35),3,1,0,0,0.53
EPI-BDX-00296,EPITECH Bordeaux,Bachelor,BACH-3A-G1,3,21-23,11.3,12.3,11.6,9.8,11.6,2,0,0.72,0.71,0.07,5,0,0,1,38,35,Grande (>35),0,3,0,0,0.74
EPI-BDX-00297,EPITECH Bordeaux,Bachelor,BACH-1A-G2,1,18-20,14.6,13.8,18.0,12.7,7.8,0,0,0.66,0.55,0.21,1,1,1,0,19,25,Petite (<25),3,1,0,0,0.82
EPI-BDX-00298,EPITECH Bordeaux,Bachelor,BACH-1A-G3,1,18-20,13.0,11.9,15.8,12.6,13.2,0,1,0.7,0.7,0.55,4,0,0,0,16,25,Grande (>35),2,0,0,0,0.79
EPI-BDX-00299,EPITECH Bordeaux,MSc,MSc-1A-G2,1,21-23,19.3,20.0,18.4,17.3,4.0,1,0,0.37,0.93,0.23,1,0,0,0,18,20,Petite (<25),2,1,0,0,0.75
EPI-BDX-00300,EPITECH Bordeaux,MSc,MSc-1A-G3,1,18-20,14.7,14.7,11.9,14.3,6.9,0,2,0.88,0.81,0.37,6,0,1,0,40,20,Moyenne (25-35),0,5,1,1,0.34
